{
    "task_0": {
        "acc_a": 0.723,
        "acc_w": 0.723
    },
    "task_1": {
        "acc_a": 0.726,
        "acc_w": 0.7240334928229664
    },
    "task_2": {
        "acc_a": 0.657,
        "acc_w": 0.7059225736095964
    },
    "task_3": {
        "acc_a": 0.62775,
        "acc_w": 0.6843557874762808
    },
    "task_4": {
        "acc_a": 0.6318,
        "acc_w": 0.6790778588807785
    },
    "task_5": {
        "acc_a": 0.6711666666666667,
        "acc_w": 0.6988344226579519
    },
    "task_6": {
        "acc_a": 0.6757142857142858,
        "acc_w": 0.6994723247232472
    }
}