{
    "task_0": {
        "acc_a": 0.723,
        "acc_w": 0.723
    },
    "task_1": {
        "acc_a": 0.74,
        "acc_w": 0.7288564593301435
    },
    "task_2": {
        "acc_a": 0.6703333333333333,
        "acc_w": 0.7113794983642311
    },
    "task_3": {
        "acc_a": 0.63775,
        "acc_w": 0.6891034155597723
    },
    "task_4": {
        "acc_a": 0.6442,
        "acc_w": 0.6863300892133009
    },
    "task_5": {
        "acc_a": 0.6779999999999999,
        "acc_w": 0.7031321713870733
    },
    "task_6": {
        "acc_a": 0.6895714285714286,
        "acc_w": 0.7116875768757688
    }
}