{
    "task_0": {
        "acc_a": 0.769,
        "acc_w": 0.7689999999999999
    },
    "task_1": {
        "acc_a": 0.6765,
        "acc_w": 0.6261627906976744
    },
    "task_2": {
        "acc_a": 0.701,
        "acc_w": 0.6705223880597015
    },
    "task_3": {
        "acc_a": 0.742,
        "acc_w": 0.7257905982905983
    },
    "task_4": {
        "acc_a": 0.7368,
        "acc_w": 0.7234383116883117
    },
    "task_5": {
        "acc_a": 0.7360000000000001,
        "acc_w": 0.7256381182147166
    },
    "task_6": {
        "acc_a": 0.746857142857143,
        "acc_w": 0.7350172043010753
    },
    "task_7": {
        "acc_a": 0.7393750000000001,
        "acc_w": 0.7272669071235347
    },
    "task_8": {
        "acc_a": 0.7282222222222223,
        "acc_w": 0.7155946791862284
    },
    "task_9": {
        "acc_a": 0.7188000000000001,
        "acc_w": 0.6986084262701363
    },
    "task_10": {
        "acc_a": 0.7134545454545456,
        "acc_w": 0.6962290697674419
    }
}