{
    "task_0": {
        "acc_a": 0.769,
        "acc_w": 0.7689999999999999
    },
    "task_1": {
        "acc_a": 0.698,
        "acc_w": 0.6593627906976743
    },
    "task_2": {
        "acc_a": 0.7096666666666667,
        "acc_w": 0.6857402985074625
    },
    "task_3": {
        "acc_a": 0.74475,
        "acc_w": 0.7324209401709401
    },
    "task_4": {
        "acc_a": 0.735,
        "acc_w": 0.7236704545454544
    },
    "task_5": {
        "acc_a": 0.7283333333333334,
        "acc_w": 0.716303980699638
    },
    "task_6": {
        "acc_a": 0.7374285714285714,
        "acc_w": 0.7245247311827956
    },
    "task_7": {
        "acc_a": 0.728375,
        "acc_w": 0.7149170423805229
    },
    "task_8": {
        "acc_a": 0.7184444444444444,
        "acc_w": 0.7048779342723004
    },
    "task_9": {
        "acc_a": 0.7102999999999999,
        "acc_w": 0.6907472118959106
    },
    "task_10": {
        "acc_a": 0.7066363636363636,
        "acc_w": 0.6894686046511627
    }
}